             time,    yaw(業),  pitch(業),   roll(業),a_x(業/s^2),a_y(業/s^2),a_z(業/s^2),  w_x(業/s),  w_y(業/s),  w_z(業/s),         Q0,         Q1,         Q2,         Q3,  mag_x(mG),  mag_y(mG),  mag_z(mG)
201221_163819.314,     -10.01,      -0.16,      -0.10,       0.03,       0.01,       9.82,       0.00,       0.00,       0.00,      -1.00,       0.00,       0.00,       0.09,      -1.00,      99.00,     -84.00
201221_163819.330,     -10.01,      -0.16,      -0.10,       0.06,       0.00,       9.81,       0.00,       0.00,       0.00,      -1.00,       0.00,       0.00,       0.09,      -1.00,      99.00,     -84.00
201221_163819.378,     -10.01,      -0.16,      -0.10,       0.02,      -0.02,       9.81,       0.00,       0.00,       0.00,      -1.00,       0.00,       0.00,       0.09,      -1.00,      99.00,     -84.00
201221_163819.487,     -10.01,      -0.16,      -0.10,       0.03,      -0.02,       9.81,       0.00,       0.00,       0.00,      -1.00,       0.00,       0.00,       0.09,      -1.00,      99.00,     -84.00
201221_163819.677,     -10.01,      -0.16,      -0.10,       0.00,      -0.04,       9.79,       0.00,       0.00,       0.00,      -1.00,       0.00,       0.00,       0.09,      -1.00,      99.00,     -84.00
201221_163819.688,     -10.01,      -0.16,      -0.10,       0.11,      -0.01,       9.82,       0.00,       0.00,       0.00,      -1.00,       0.00,       0.00,       0.09,      -1.00,      99.00,     -84.00
201221_163819.921,     -10.01,      -0.16,      -0.10,       0.05,      -0.02,       9.81,       0.00,       0.00,       0.00,      -1.00,       0.00,       0.00,       0.09,      -1.00,      99.00,     -84.00
201221_163819.935,     -10.01,      -0.16,      -0.10,      -0.01,      -0.02,       9.83,       0.00,       0.00,       0.00,      -1.00,       0.00,       0.00,       0.09,      -1.00,      99.00,     -84.00
201221_163820.109,     -10.01,      -0.16,      -0.10,      -0.00,      -0.03,       9.82,       0.00,       0.00,       0.00,      -1.00,       0.00,       0.00,       0.09,      -1.00,      99.00,     -84.00
201221_163820.125,     -10.01,      -0.16,      -0.10,       0.03,      -0.01,       9.82,       0.00,       0.00,       0.00,      -1.00,       0.00,       0.00,       0.09,      -1.00,      99.00,     -84.00
201221_163820.141,     -10.01,      -0.16,      -0.10,       0.05,      -0.01,       9.82,       0.00,       0.00,       0.00,      -1.00,       0.00,       0.00,       0.09,      -1.00,      99.00,     -84.00
201221_163820.377,     -10.01,      -0.16,      -0.10,       0.02,      -0.02,       9.81,       0.00,       0.00,       0.00,      -1.00,       0.00,       0.00,       0.09,      -1.00,      99.00,     -84.00
201221_163820.394,     -10.01,      -0.16,      -0.10,       0.00,      -0.03,       9.82,       0.00,       0.00,       0.00,      -1.00,       0.00,       0.00,       0.09,      -1.00,      99.00,     -84.00
201221_163820.591,     -10.01,      -0.16,      -0.10,       0.04,      -0.01,       9.83,       0.00,       0.00,       0.00,      -1.00,       0.00,       0.00,       0.09,      -1.00,      99.00,     -84.00
201221_163820.609,     -10.01,      -0.16,      -0.10,       0.04,      -0.01,       9.83,       0.00,       0.00,       0.00,      -1.00,       0.00,       0.00,       0.09,      -1.00,      99.00,     -84.00
201221_163820.803,     -10.01,      -0.16,      -0.10,       0.01,      -0.03,       9.83,       0.00,       0.00,       0.00,      -1.00,       0.00,       0.00,       0.09,      -1.00,      99.00,     -84.00
201221_163820.859,     -10.01,      -0.16,      -0.10,       0.00,      -0.02,       9.80,       0.00,       0.00,       0.00,      -1.00,       0.00,       0.00,       0.09,      -1.00,      99.00,     -84.00
201221_163820.976,     -10.01,      -0.16,      -0.10,       0.03,      -0.03,       9.81,       0.00,       0.00,       0.00,      -1.00,       0.00,       0.00,       0.09,      -1.00,      99.00,     -84.00
201221_163820.992,     -10.01,      -0.16,      -0.10,       0.03,       0.00,       9.80,       0.00,       0.00,       0.00,      -1.00,       0.00,       0.00,       0.09,      -1.00,      99.00,     -84.00
201221_163821.177,     -10.01,      -0.16,      -0.10,       0.04,      -0.02,       9.85,       0.00,       0.00,       0.00,      -1.00,       0.00,       0.00,       0.09,      -1.00,      99.00,     -84.00
201221_163821.192,     -10.01,      -0.16,      -0.11,       0.03,      -0.02,       9.83,       0.00,       0.00,       0.00,      -1.00,       0.00,       0.00,       0.09,      -1.00,      99.00,     -84.00
201221_163821.445,     -10.01,      -0.16,      -0.10,       0.03,      -0.00,       9.82,       0.00,       0.00,       0.00,      -1.00,       0.00,       0.00,       0.09,      -1.00,      99.00,     -84.00
201221_163821.461,     -10.01,      -0.16,      -0.10,       0.01,      -0.01,       9.81,       0.00,       0.00,       0.00,      -1.00,       0.00,       0.00,       0.09,      -1.00,      99.00,     -84.00
201221_163821.548,     -10.01,      -0.16,      -0.11,       0.05,      -0.03,       9.82,       0.00,       0.00,       0.00,      -1.00,       0.00,       0.00,       0.09,      -1.00,      99.00,     -84.00
201221_163821.656,     -10.01,      -0.16,      -0.10,       0.04,      -0.03,       9.83,       0.31,       0.00,       0.00,      -1.00,       0.00,       0.00,       0.09,      -1.00,      99.00,     -84.00
201221_163821.672,     -10.00,      -0.16,      -0.06,       0.03,      -0.00,       9.81,       0.43,       0.00,       0.00,      -1.00,       0.00,       0.00,       0.09,      -1.00,      99.00,     -84.00
201221_163821.780,     -10.00,      -0.16,       0.00,       0.05,       0.00,       9.80,       0.61,       0.00,       0.06,      -1.00,       0.00,       0.00,       0.09,      -1.00,      99.00,     -84.00
201221_163821.852,     -10.00,      -0.16,       0.00,       0.05,       0.00,       9.80,       0.61,       0.00,       0.06,      -1.00,       0.00,       0.00,       0.09,       0.00,      96.00,     -81.00
201221_163821.966,     -10.00,      -0.16,       0.06,       0.01,       0.06,       9.80,       1.10,       0.06,       0.12,      -1.00,       0.00,       0.00,       0.09,       0.00,      96.00,     -81.00
201221_163822.052,     -10.00,      -0.16,       0.16,       0.03,      -0.05,       9.87,       1.10,       0.00,       0.00,      -1.00,       0.00,       0.00,       0.09,       0.00,      96.00,     -81.00
201221_163822.167,      -9.99,      -0.16,       0.30,       0.01,       0.15,       9.66,       1.46,       0.06,       0.06,      -1.00,       0.00,       0.00,       0.09,       0.00,      96.00,     -81.00
201221_163822.183,      -9.99,      -0.16,       0.43,       0.05,       0.04,       9.85,       1.65,       0.06,       0.06,      -1.00,       0.00,       0.00,       0.09,       0.00,      96.00,     -81.00
201221_163822.434,      -9.99,      -0.16,       0.61,       0.01,       0.11,       9.77,       1.89,       0.00,       0.24,      -1.00,       0.00,       0.00,       0.09,       0.00,      96.00,     -81.00
201221_163822.450,      -9.99,      -0.16,       0.61,       0.01,       0.11,       9.77,       1.89,       0.00,       0.24,      -1.00,      -0.01,       0.00,       0.09,       0.00,      96.00,     -81.00
201221_163822.461,      -9.98,      -0.17,       0.81,      -0.02,       0.16,       9.58,       1.95,       0.00,       0.06,      -1.00,      -0.01,       0.00,       0.09,       0.00,      96.00,     -81.00
201221_163822.663,      -9.98,      -0.17,       1.01,       0.06,       0.18,       9.77,       2.08,       0.00,       0.00,      -1.00,      -0.01,       0.00,       0.09,       0.00,      96.00,     -81.00
201221_163822.681,      -9.97,      -0.16,       1.22,       0.05,       0.16,       9.80,       2.32,       0.00,       0.06,      -1.00,      -0.01,       0.00,       0.09,       0.00,      96.00,     -81.00
201221_163822.695,      -9.97,      -0.16,       1.47,       0.01,       0.29,       9.77,       2.50,       0.00,       0.06,      -1.00,      -0.01,       0.00,       0.09,       0.00,      96.00,     -81.00
201221_163822.836,      -9.96,      -0.16,       1.72,       0.03,       0.29,       9.78,       2.69,       0.00,       0.00,      -1.00,      -0.01,       0.00,       0.09,       0.00,      96.00,     -81.00
201221_163822.847,      -9.96,      -0.16,       1.72,       0.03,       0.29,       9.78,       2.69,       0.00,       0.00,      -1.00,      -0.01,       0.00,       0.09,       0.00,      96.00,     -81.00
201221_163822.858,      -9.96,      -0.15,       1.99,       0.03,       0.26,       9.60,       2.81,       0.37,       0.00,      -1.00,      -0.01,       0.00,       0.09,       0.00,      96.00,     -81.00
201221_163823.044,      -9.96,      -0.11,       2.29,       0.11,      -0.05,      10.00,       2.81,       0.43,       0.00,      -1.00,      -0.01,       0.00,       0.09,       0.00,      96.00,     -81.00
201221_163823.061,      -9.96,      -0.05,       2.59,      -0.07,       1.31,       9.36,       3.42,       0.73,       0.00,      -1.00,      -0.01,       0.00,       0.09,       0.00,      96.00,     -81.00
201221_163823.246,      -9.97,       0.03,       2.96,      -0.11,       0.92,       9.42,       3.60,       1.28,      -0.06,      -1.00,      -0.01,       0.00,       0.09,       0.00,      96.00,     -81.00
201221_163823.399,      -9.98,       0.12,       3.31,       0.05,       0.14,      10.06,       3.54,       1.28,      -0.24,      -1.00,      -0.01,       0.00,       0.09,       0.00,      96.00,     -81.00
201221_163823.410,     -10.00,       0.23,       3.70,       0.01,       0.69,       9.75,       3.91,       1.34,      -0.18,      -1.00,      -0.01,       0.00,       0.09,       0.00,      96.00,     -81.00
201221_163823.598,     -10.01,       0.37,       4.13,      -0.07,       0.59,       9.65,       4.09,       1.46,      -0.37,      -1.00,      -0.01,       0.00,       0.09,       0.00,      96.00,     -81.00
201221_163823.614,     -10.03,       0.54,       4.54,      -0.14,       0.86,       9.59,       4.39,       1.65,      -0.37,      -1.00,      -0.01,       0.00,       0.09,       0.00,      96.00,     -81.00
201221_163823.817,     -10.05,       0.72,       4.96,      -0.19,       0.78,       9.51,       4.21,       1.89,      -0.37,      -1.00,      -0.01,       0.00,       0.09,       0.00,      96.00,     -81.00
201221_163823.868,     -10.08,       0.92,       5.39,      -0.10,       0.60,       9.63,       4.21,       2.20,      -0.61,      -1.00,      -0.01,       0.00,       0.09,       0.00,      96.00,     -81.00
201221_163823.879,     -10.11,       1.13,       5.78,      -0.04,       0.65,       9.78,       4.03,       1.83,      -0.49,      -1.00,      -0.01,       0.00,       0.09,       0.00,      96.00,     -81.00
201221_163823.989,     -10.16,       1.37,       6.16,      -0.29,       1.23,       9.44,       3.85,       2.20,      -0.79,      -1.00,      -0.01,       0.00,       0.09,       0.00,      96.00,     -81.00
201221_163824.185,     -10.23,       1.62,       6.53,      -0.25,       0.33,       9.52,       3.48,       2.26,      -1.28,      -1.00,      -0.01,       0.00,       0.09,       0.00,      96.00,     -81.00
201221_163824.201,     -10.34,       1.89,       6.82,      -0.37,       0.52,       9.23,       3.42,       2.44,      -1.46,      -1.00,      -0.01,       0.00,       0.09,       0.00,      96.00,     -81.00
201221_163824.436,     -10.46,       2.18,       7.17,      -0.39,       1.70,       9.15,       3.60,       2.81,      -1.59,      -1.00,      -0.01,       0.00,       0.09,       0.00,      96.00,     -81.00
201221_163824.448,     -10.60,       2.48,       7.47,      -0.46,       1.33,       9.16,       3.36,       2.99,      -1.71,      -1.00,      -0.01,       0.00,       0.09,       0.00,      96.00,     -81.00
201221_163824.533,     -10.77,       2.82,       7.77,      -0.57,       1.43,       8.91,       3.23,       3.11,      -2.14,      -1.00,      -0.01,       0.00,       0.09,       0.00,      96.00,     -81.00
201221_163824.644,     -10.95,       3.16,       8.05,      -0.59,       1.29,       9.26,       2.93,       3.11,      -2.44,      -1.00,      -0.01,       0.00,       0.09,       0.00,      96.00,     -81.00
201221_163824.661,     -11.16,       3.52,       8.33,      -0.68,       1.37,       9.26,       2.93,       3.17,      -2.81,      -1.00,      -0.01,       0.00,       0.09,       0.00,      96.00,     -81.00
201221_163824.844,     -11.39,       3.91,       8.57,      -0.67,       1.37,       9.21,       2.81,       2.99,      -2.87,      -1.00,      -0.01,       0.00,       0.09,       0.00,      96.00,     -81.00
201221_163824.891,     -11.65,       4.30,       8.80,      -0.78,       1.43,       9.13,       2.69,       3.42,      -3.23,      -1.00,      -0.01,       0.00,       0.09,       0.00,      96.00,     -81.00
201221_163825.034,     -11.93,       4.71,       9.01,      -0.84,       1.29,       9.15,       2.50,       3.23,      -3.36,      -1.00,      -0.01,       0.00,       0.09,       0.00,      96.00,     -81.00
201221_163825.231,     -12.22,       5.09,       9.21,      -0.88,       1.41,       9.02,       2.50,       2.93,      -3.48,      -1.00,      -0.01,       0.00,       0.09,       0.00,      96.00,     -81.00
201221_163825.250,     -12.52,       5.47,       9.39,      -1.00,       1.56,       8.92,       2.38,       2.81,      -3.54,      -1.00,      -0.01,       0.00,       0.09,       0.00,      96.00,     -81.00
201221_163825.266,     -12.84,       5.81,       9.55,      -0.99,       1.40,       9.16,       2.20,       2.38,      -3.66,      -1.00,      -0.01,       0.00,       0.09,       0.00,      96.00,     -81.00
201221_163825.520,     -13.17,       6.15,       9.70,      -1.17,       1.67,       8.69,       2.20,       2.26,      -3.78,      -1.00,      -0.01,       0.00,       0.09,       0.00,      96.00,     -81.00
201221_163825.539,     -13.52,       6.47,       9.82,      -1.19,       1.51,       8.83,       1.95,       2.20,      -4.03,      -1.00,      -0.01,       0.00,       0.09,       0.00,      96.00,     -81.00
201221_163825.642,     -13.89,       6.77,       9.93,      -1.20,       1.29,       9.17,       1.83,       1.59,      -4.09,      -1.00,      -0.01,       0.00,       0.09,       0.00,      96.00,     -81.00
201221_163825.766,     -14.27,       7.04,      10.01,      -1.23,       1.25,       9.34,       1.59,       1.40,      -4.21,      -1.00,      -0.01,       0.00,       0.09,       0.00,      96.00,     -81.00
201221_163825.784,     -14.67,       7.29,      10.07,      -1.23,       1.47,       9.09,       1.71,       1.04,      -4.15,      -1.00,      -0.01,       0.00,       0.09,       0.00,      96.00,     -81.00
201221_163825.878,     -14.67,       7.29,      10.07,      -1.23,       1.47,       9.09,       1.71,       1.04,      -4.15,      -1.00,      -0.01,       0.00,       0.09,      26.00,      42.00,    -101.00
201221_163825.996,     -15.07,       7.54,      10.12,      -1.37,       1.41,       8.90,       1.53,       0.85,      -4.21,      -1.00,      -0.01,       0.00,       0.09,      26.00,      42.00,    -101.00
201221_163826.053,     -15.49,       7.77,      10.17,      -1.47,       1.41,       8.89,       1.53,       0.55,      -4.46,      -1.00,      -0.01,       0.00,       0.09,      26.00,      42.00,    -101.00
201221_163826.187,     -15.92,       7.97,      10.21,      -1.47,       1.54,       8.89,       1.77,       0.24,      -4.52,      -1.00,      -0.01,       0.00,       0.09,      26.00,      42.00,    -101.00
201221_163826.282,     -16.35,       8.14,      10.24,      -1.44,       1.46,       8.85,       1.65,       0.37,      -4.27,      -1.00,      -0.01,       0.00,       0.09,      26.00,      42.00,    -101.00
201221_163826.409,     -16.75,       8.30,      10.27,      -1.46,       1.38,       8.83,       1.53,       0.24,      -4.03,      -1.00,      -0.01,       0.00,       0.09,      26.00,      42.00,    -101.00
201221_163826.425,     -16.75,       8.30,      10.27,      -1.46,       1.38,       8.83,       1.53,       0.24,      -4.03,      -0.98,      -0.10,      -0.06,       0.15,      26.00,      42.00,    -101.00
201221_163826.688,     -17.50,       8.59,      10.31,      -1.58,       1.50,       8.74,       1.40,       0.06,      -3.54,      -0.98,      -0.10,      -0.06,       0.15,      26.00,      42.00,    -101.00
201221_163826.707,     -17.83,       8.72,      10.32,      -1.57,       1.48,       8.81,       1.28,       0.06,      -3.36,      -0.98,      -0.10,      -0.06,       0.15,      26.00,      42.00,    -101.00
201221_163826.720,     -18.15,       8.83,      10.33,      -1.50,       1.32,       8.91,       1.28,      -0.49,      -2.93,      -0.98,      -0.10,      -0.06,       0.15,      26.00,      42.00,    -101.00
201221_163826.910,     -18.45,       8.93,      10.33,      -1.63,       1.39,       8.76,       1.04,      -0.43,      -2.81,      -0.98,      -0.10,      -0.06,       0.15,      26.00,      42.00,    -101.00
201221_163826.924,     -18.72,       9.01,      10.32,      -1.64,       1.42,       8.77,       1.04,      -0.31,      -2.50,      -0.98,      -0.10,      -0.06,       0.15,      26.00,      42.00,    -101.00
201221_163826.935,     -18.72,       9.01,      10.32,      -1.64,       1.42,       8.77,       1.04,      -0.31,      -2.50,      -0.98,      -0.10,      -0.06,       0.15,      26.00,      42.00,    -101.00
201221_163827.087,     -18.97,       9.07,      10.30,      -1.61,       1.34,       8.79,       0.98,      -0.49,      -2.32,      -0.98,      -0.10,      -0.06,       0.15,      26.00,      42.00,    -101.00
201221_163827.102,     -19.20,       9.13,      10.29,      -1.62,       1.40,       8.80,       0.92,      -0.61,      -2.14,      -0.98,      -0.10,      -0.06,       0.15,      26.00,      42.00,    -101.00
201221_163827.277,     -19.41,       9.16,      10.26,      -1.64,       1.48,       8.73,       0.92,      -0.67,      -1.77,      -0.98,      -0.10,      -0.06,       0.15,      26.00,      42.00,    -101.00
201221_163827.288,     -19.59,       9.19,      10.24,      -1.63,       1.38,       8.80,       0.79,      -0.73,      -1.71,      -0.98,      -0.10,      -0.06,       0.15,      26.00,      42.00,    -101.00
201221_163827.477,     -19.77,       9.22,      10.22,      -1.63,       1.41,       8.80,       0.79,      -0.61,      -1.59,      -0.98,      -0.10,      -0.06,       0.15,      26.00,      42.00,    -101.00
201221_163827.522,     -19.92,       9.25,      10.19,      -1.62,       1.42,       8.77,       0.55,      -0.49,      -1.34,      -0.98,      -0.10,      -0.06,       0.15,      26.00,      42.00,    -101.00
201221_163827.633,     -20.05,       9.29,      10.15,      -1.59,       1.39,       8.80,       0.55,      -0.49,      -1.22,      -0.98,      -0.10,      -0.06,       0.15,      26.00,      42.00,    -101.00
201221_163827.713,     -20.17,       9.32,      10.12,      -1.60,       1.39,       8.80,       0.43,      -0.37,      -0.92,      -0.98,      -0.10,      -0.06,       0.15,      26.00,      42.00,    -101.00
201221_163827.837,     -20.26,       9.36,      10.09,      -1.62,       1.42,       8.81,       0.37,      -0.31,      -0.85,      -0.98,      -0.10,      -0.06,       0.15,      26.00,      42.00,    -101.00
201221_163827.852,     -20.34,       9.40,      10.04,      -1.60,       1.39,       8.80,       0.18,      -0.18,      -0.61,      -0.98,      -0.10,      -0.06,       0.15,      26.00,      42.00,    -101.00
201221_163828.156,     -20.40,       9.44,       9.99,      -1.62,       1.43,       8.79,       0.31,      -0.18,      -0.55,      -0.98,      -0.10,      -0.06,       0.15,      26.00,      42.00,    -101.00
201221_163828.172,     -20.45,       9.49,       9.95,      -1.64,       1.38,       8.79,       0.12,      -0.12,      -0.37,      -0.98,      -0.10,      -0.06,       0.15,      26.00,      42.00,    -101.00
201221_163828.366,     -20.47,       9.53,       9.90,      -1.62,       1.43,       8.79,       0.06,      -0.12,      -0.12,      -0.98,      -0.10,      -0.06,       0.15,      26.00,      42.00,    -101.00
201221_163828.382,     -20.47,       9.57,       9.84,      -1.61,       1.41,       8.79,      -0.06,       0.00,       0.06,      -0.98,      -0.10,      -0.06,       0.15,      26.00,      42.00,    -101.00
201221_163828.396,     -20.47,       9.61,       9.80,      -1.62,       1.40,       8.79,       0.00,       0.00,       0.00,      -0.98,      -0.10,      -0.06,       0.15,      26.00,      42.00,    -101.00
201221_163828.631,     -20.47,       9.65,       9.76,      -1.61,       1.41,       8.78,       0.00,       0.00,       0.00,      -0.98,      -0.10,      -0.06,       0.15,      26.00,      42.00,    -101.00
201221_163828.647,     -20.47,       9.68,       9.71,      -1.61,       1.43,       8.74,      -0.06,       0.00,       0.06,      -0.98,      -0.10,      -0.06,       0.15,      26.00,      42.00,    -101.00
201221_163828.734,     -20.46,       9.72,       9.67,      -1.61,       1.42,       8.76,       0.00,       0.00,       0.00,      -0.98,      -0.10,      -0.06,       0.15,      26.00,      42.00,    -101.00
201221_163828.856,     -20.47,       9.76,       9.64,      -1.61,       1.36,       8.80,      -0.06,       0.00,      -0.12,      -0.98,      -0.10,      -0.06,       0.15,      26.00,      42.00,    -101.00
201221_163828.872,     -20.47,       9.78,       9.60,      -1.62,       1.43,       8.76,      -0.06,       0.00,       0.00,      -0.98,      -0.10,      -0.06,       0.15,      26.00,      42.00,    -101.00
201221_163829.054,     -20.47,       9.82,       9.55,      -1.63,       1.39,       8.82,       0.00,       0.00,       0.00,      -0.98,      -0.10,      -0.06,       0.15,      26.00,      42.00,    -101.00
201221_163829.103,     -20.47,       9.85,       9.52,      -1.62,       1.37,       8.80,       0.00,       0.00,       0.00,      -0.98,      -0.10,      -0.06,       0.15,      26.00,      42.00,    -101.00
201221_163829.211,     -20.47,       9.88,       9.49,      -1.60,       1.41,       8.81,      -0.06,      -0.06,       0.00,      -0.98,      -0.10,      -0.06,       0.15,      26.00,      42.00,    -101.00
201221_163829.296,     -20.46,       9.91,       9.46,      -1.61,       1.44,       8.78,       0.12,       0.06,       0.12,      -0.98,      -0.10,      -0.06,       0.15,      26.00,      42.00,    -101.00
201221_163829.485,     -20.45,       9.93,       9.45,      -1.63,       1.39,       8.80,       0.00,       0.00,       0.00,      -0.98,      -0.10,      -0.06,       0.15,      26.00,      42.00,    -101.00
201221_163829.743,     -20.45,       9.95,       9.43,      -1.61,       1.39,       8.80,      -0.12,       0.00,       0.00,      -0.98,      -0.10,      -0.06,       0.15,      26.00,      42.00,    -101.00
201221_163829.763,     -20.45,       9.97,       9.40,      -1.63,       1.45,       8.75,       0.00,       0.00,       0.00,      -0.98,      -0.10,      -0.06,       0.15,      26.00,      42.00,    -101.00
201221_163829.778,     -20.45,      10.00,       9.38,      -1.61,       1.43,       8.74,       0.00,       0.00,       0.06,      -0.98,      -0.10,      -0.06,       0.15,      26.00,      42.00,    -101.00
201221_163829.876,     -20.45,      10.01,       9.36,      -1.58,       1.38,       8.87,      -0.06,      -0.06,      -0.06,      -0.98,      -0.10,      -0.06,       0.15,      26.00,      42.00,    -101.00
201221_163829.999,     -20.45,      10.04,       9.33,      -1.63,       1.45,       8.77,      -0.06,       0.00,      -0.06,      -0.98,      -0.10,      -0.06,       0.15,      26.00,      42.00,    -101.00
201221_163830.018,     -20.45,      10.04,       9.33,      -1.63,       1.45,       8.77,      -0.06,       0.00,      -0.06,      -0.98,      -0.10,      -0.06,       0.15,      28.00,      29.00,     -98.00
201221_163830.036,     -20.45,      10.06,       9.31,      -1.65,       1.39,       8.79,      -0.06,       0.00,       0.00,      -0.98,      -0.10,      -0.06,       0.15,      28.00,      29.00,     -98.00
201221_163830.287,     -20.45,      10.07,       9.29,      -1.62,       1.40,       8.80,       0.00,       0.00,       0.00,      -0.98,      -0.10,      -0.06,       0.15,      28.00,      29.00,     -98.00
201221_163830.306,     -20.45,      10.09,       9.28,      -1.63,       1.37,       8.77,       0.00,       0.00,       0.00,      -0.98,      -0.10,      -0.06,       0.15,      28.00,      29.00,     -98.00
201221_163830.319,     -20.45,      10.10,       9.27,      -1.63,       1.39,       8.75,       0.00,       0.00,       0.00,      -0.98,      -0.10,      -0.06,       0.15,      28.00,      29.00,     -98.00
201221_163830.510,     -20.45,      10.11,       9.24,      -1.58,       1.43,       8.75,       0.00,       0.00,       0.00,      -0.98,      -0.10,      -0.06,       0.15,      28.00,      29.00,     -98.00
201221_163830.525,     -20.45,      10.11,       9.24,      -1.58,       1.43,       8.75,       0.00,       0.00,       0.00,      -0.98,      -0.09,      -0.07,       0.18,      28.00,      29.00,     -98.00
201221_163830.732,     -20.45,      10.13,       9.23,      -1.66,       1.35,       8.79,       0.00,       0.00,       0.00,      -0.98,      -0.09,      -0.07,       0.18,      28.00,      29.00,     -98.00
201221_163830.750,     -20.45,      10.15,       9.21,      -1.61,       1.38,       8.80,       0.00,       0.00,       0.00,      -0.98,      -0.09,      -0.07,       0.18,      28.00,      29.00,     -98.00
201221_163830.799,     -20.45,      10.16,       9.20,      -1.65,       1.40,       8.80,       0.00,       0.00,       0.00,      -0.98,      -0.09,      -0.07,       0.18,      28.00,      29.00,     -98.00
201221_163830.918,     -20.45,      10.17,       9.19,      -1.62,       1.38,       8.83,       0.00,       0.00,       0.00,      -0.98,      -0.09,      -0.07,       0.18,      28.00,      29.00,     -98.00
201221_163831.022,     -20.45,      10.18,       9.18,      -1.60,       1.41,       8.79,       0.00,       0.00,       0.00,      -0.98,      -0.09,      -0.07,       0.18,      28.00,      29.00,     -98.00
201221_163831.038,     -20.45,      10.18,       9.18,      -1.60,       1.41,       8.79,       0.00,       0.00,       0.00,      -0.98,      -0.09,      -0.07,       0.18,      28.00,      29.00,     -98.00
201221_163831.152,     -20.45,      10.18,       9.17,      -1.61,       1.37,       8.82,       0.00,       0.00,       0.00,      -0.98,      -0.09,      -0.07,       0.18,      28.00,      29.00,     -98.00
201221_163831.238,     -20.45,      10.20,       9.16,      -1.63,       1.40,       8.78,       0.06,       0.00,       0.18,      -0.98,      -0.09,      -0.07,       0.18,      28.00,      29.00,     -98.00
201221_163831.398,     -20.44,      10.19,       9.17,      -1.56,       1.44,       8.77,      -0.06,       0.00,       0.00,      -0.98,      -0.09,      -0.07,       0.18,      28.00,      29.00,     -98.00
201221_163831.417,     -20.44,      10.20,       9.16,      -1.62,       1.42,       8.80,       0.00,       0.00,       0.00,      -0.98,      -0.09,      -0.07,       0.18,      28.00,      29.00,     -98.00
201221_163831.619,     -20.45,      10.20,       9.16,      -1.61,       1.39,       8.79,       0.00,       0.00,       0.00,      -0.98,      -0.09,      -0.07,       0.18,      28.00,      29.00,     -98.00
201221_163831.636,     -20.45,      10.21,       9.16,      -1.61,       1.41,       8.80,       0.00,       0.00,       0.00,      -0.98,      -0.09,      -0.07,       0.18,      28.00,      29.00,     -98.00
201221_163831.746,     -20.45,      10.21,       9.15,      -1.63,       1.41,       8.80,       0.00,       0.00,       0.00,      -0.98,      -0.09,      -0.07,       0.18,      28.00,      29.00,     -98.00
201221_163831.757,     -20.45,      10.22,       9.15,      -1.61,       1.39,       8.81,       0.00,       0.00,       0.00,      -0.98,      -0.09,      -0.07,       0.18,      28.00,      29.00,     -98.00
201221_163831.909,     -20.45,      10.22,       9.15,      -1.61,       1.42,       8.78,       0.00,       0.00,       0.00,      -0.98,      -0.09,      -0.07,       0.18,      28.00,      29.00,     -98.00
201221_163832.094,     -20.45,      10.22,       9.14,      -1.61,       1.42,       8.78,       0.00,       0.00,       0.00,      -0.98,      -0.09,      -0.07,       0.18,      28.00,      29.00,     -98.00
201221_163832.112,     -20.45,      10.23,       9.13,      -1.60,       1.39,       8.80,       0.00,       0.00,       0.00,      -0.98,      -0.09,      -0.07,       0.18,      28.00,      29.00,     -98.00
201221_163832.293,     -20.45,      10.23,       9.13,      -1.62,       1.40,       8.80,       0.00,       0.00,       0.00,      -0.98,      -0.09,      -0.07,       0.18,      28.00,      29.00,     -98.00
201221_163832.342,     -20.45,      10.23,       9.12,      -1.63,       1.41,       8.78,       0.00,       0.00,       0.00,      -0.98,      -0.09,      -0.07,       0.18,      28.00,      29.00,     -98.00
201221_163832.448,     -20.45,      10.23,       9.12,      -1.59,       1.41,       8.80,       0.00,       0.00,       0.00,      -0.98,      -0.09,      -0.07,       0.18,      28.00,      29.00,     -98.00
201221_163832.543,     -20.45,      10.24,       9.11,      -1.60,       1.40,       8.80,       0.00,       0.00,       0.00,      -0.98,      -0.09,      -0.07,       0.18,      28.00,      29.00,     -98.00
201221_163832.644,     -20.45,      10.24,       9.11,      -1.63,       1.41,       8.80,       0.00,       0.00,       0.00,      -0.98,      -0.09,      -0.07,       0.18,      28.00,      29.00,     -98.00
201221_163832.655,     -20.45,      10.24,       9.11,      -1.63,       1.40,       8.77,       0.00,       0.00,       0.00,      -0.98,      -0.09,      -0.07,       0.18,      28.00,      29.00,     -98.00
201221_163832.819,     -20.45,      10.24,       9.11,      -1.61,       1.41,       8.79,       0.00,       0.00,       0.00,      -0.98,      -0.09,      -0.07,       0.18,      28.00,      29.00,     -98.00
201221_163833.011,     -20.45,      10.24,       9.10,      -1.60,       1.41,       8.79,       0.00,       0.00,       0.00,      -0.98,      -0.09,      -0.07,       0.18,      28.00,      29.00,     -98.00
201221_163833.027,     -20.45,      10.25,       9.11,      -1.60,       1.43,       8.79,       0.00,       0.00,       0.00,      -0.98,      -0.09,      -0.07,       0.18,      28.00,      29.00,     -98.00
201221_163833.169,     -20.45,      10.25,       9.10,      -1.63,       1.42,       8.77,       0.00,       0.00,       0.00,      -0.98,      -0.09,      -0.07,       0.18,      28.00,      29.00,     -98.00
201221_163833.180,     -20.45,      10.25,       9.10,      -1.62,       1.41,       8.81,       0.00,       0.00,       0.00,      -0.98,      -0.09,      -0.07,       0.18,      28.00,      29.00,     -98.00
201221_163833.364,     -20.45,      10.26,       9.10,      -1.61,       1.39,       8.80,       0.00,       0.00,       0.00,      -0.98,      -0.09,      -0.07,       0.18,      28.00,      29.00,     -98.00
201221_163833.378,     -20.45,      10.26,       9.10,      -1.64,       1.43,       8.78,       0.00,       0.00,       0.00,      -0.98,      -0.09,      -0.07,       0.18,      28.00,      29.00,     -98.00
201221_163833.570,     -20.45,      10.26,       9.10,      -1.61,       1.42,       8.80,       0.00,       0.00,       0.00,      -0.98,      -0.09,      -0.07,       0.18,      28.00,      29.00,     -98.00
201221_163833.614,     -20.45,      10.26,       9.10,      -1.62,       1.41,       8.80,       0.00,       0.00,       0.00,      -0.98,      -0.09,      -0.07,       0.18,      28.00,      29.00,     -98.00
201221_163833.731,     -20.45,      10.26,       9.10,      -1.60,       1.40,       8.80,       0.00,       0.00,       0.00,      -0.98,      -0.09,      -0.07,       0.18,      28.00,      29.00,     -98.00
201221_163833.834,     -20.45,      10.26,       9.09,      -1.63,       1.40,       8.78,       0.00,       0.00,       0.00,      -0.98,      -0.09,      -0.07,       0.18,      28.00,      29.00,     -98.00
201221_163833.955,     -20.45,      10.26,       9.09,      -1.63,       1.40,       8.79,       0.00,       0.00,       0.00,      -0.98,      -0.09,      -0.07,       0.18,      28.00,      29.00,     -98.00
201221_163833.973,     -20.45,      10.26,       9.09,      -1.63,       1.39,       8.79,       0.00,       0.00,       0.00,      -0.98,      -0.09,      -0.07,       0.18,      28.00,      29.00,     -98.00
201221_163834.103,     -20.45,      10.26,       9.09,      -1.63,       1.39,       8.79,       0.00,       0.00,       0.00,      -0.98,      -0.09,      -0.07,       0.18,      27.00,      21.00,     -98.00
201221_163834.216,     -20.45,      10.27,       9.09,      -1.62,       1.37,       8.79,       0.00,       0.00,       0.00,      -0.98,      -0.09,      -0.07,       0.18,      27.00,      21.00,     -98.00
201221_163834.236,     -20.45,      10.27,       9.09,      -1.63,       1.38,       8.77,       0.00,       0.00,       0.00,      -0.98,      -0.09,      -0.07,       0.18,      27.00,      21.00,     -98.00
201221_163834.326,     -20.45,      10.27,       9.09,      -1.62,       1.41,       8.79,       0.00,       0.00,       0.00,      -0.98,      -0.09,      -0.07,       0.18,      27.00,      21.00,     -98.00
201221_163834.451,     -20.45,      10.27,       9.08,      -1.62,       1.38,       8.79,       0.00,       0.00,       0.00,      -0.98,      -0.09,      -0.07,       0.18,      27.00,      21.00,     -98.00
201221_163834.471,     -20.45,      10.28,       9.08,      -1.62,       1.41,       8.80,       0.00,       0.00,       0.00,      -0.98,      -0.09,      -0.07,       0.18,      27.00,      21.00,     -98.00
201221_163834.526,     -20.45,      10.28,       9.08,      -1.62,       1.41,       8.80,       0.00,       0.00,       0.00,      -0.98,      -0.09,      -0.07,       0.18,      27.00,      21.00,     -98.00
201221_163834.622,     -20.45,      10.28,       9.08,      -1.61,       1.40,       8.80,       0.00,       0.00,       0.00,      -0.98,      -0.09,      -0.07,       0.18,      27.00,      21.00,     -98.00
201221_163834.709,     -20.45,      10.28,       9.08,      -1.63,       1.40,       8.79,       0.00,       0.00,       0.00,      -0.98,      -0.09,      -0.07,       0.18,      27.00,      21.00,     -98.00
201221_163834.832,     -20.45,      10.28,       9.08,      -1.62,       1.39,       8.78,       0.00,       0.00,       0.00,      -0.98,      -0.09,      -0.07,       0.18,      27.00,      21.00,     -98.00
201221_163834.916,     -20.45,      10.28,       9.08,      -1.63,       1.42,       8.77,       0.00,       0.00,       0.00,      -0.98,      -0.09,      -0.07,       0.18,      27.00,      21.00,     -98.00
201221_163835.010,     -20.45,      10.28,       9.08,      -1.62,       1.42,       8.80,       0.00,       0.00,       0.00,      -0.98,      -0.09,      -0.07,       0.18,      27.00,      21.00,     -98.00
201221_163835.055,     -20.45,      10.28,       9.08,      -1.62,       1.42,       8.80,       0.00,       0.00,       0.00,      -0.98,      -0.09,      -0.07,       0.18,      27.00,      21.00,     -98.00
201221_163835.066,     -20.45,      10.29,       9.08,      -1.62,       1.42,       8.79,       0.00,       0.00,       0.00,      -0.98,      -0.09,      -0.07,       0.18,      27.00,      21.00,     -98.00
201221_163835.198,     -20.45,      10.29,       9.08,      -1.62,       1.40,       8.79,       0.00,       0.00,       0.00,      -0.98,      -0.09,      -0.07,       0.18,      27.00,      21.00,     -98.00
201221_163835.455,     -20.45,      10.29,       9.08,      -1.63,       1.41,       8.80,       0.00,       0.00,       0.00,      -0.98,      -0.09,      -0.07,       0.18,      27.00,      21.00,     -98.00
201221_163835.466,     -20.45,      10.29,       9.09,      -1.63,       1.42,       8.75,       0.00,       0.00,       0.00,      -0.98,      -0.09,      -0.07,       0.18,      27.00,      21.00,     -98.00
